{
    "localhost": "http://34.214.225.182:3000",
    "client": "/api/Client",
    "getClient" : "/api/Client",
    "medRecordSave": "/api/MedRecords",
    "uploadMedRec":"/api/UploadMedRecords",
    "insurerRegister" : "/api/Insurer",
    "getInsurerById" : "/api/Insurer/",
    "getMedRec":"/api/MedRecords",
    "requestConsent":"/api/RequestConsent",
    "transactions":"/api/system/historian",
    "provideConsent":"/api/ProvideConsent",
    "gitToken":"4VY0lXVblOxTX9vEDA610Itx0msiitWOlFWJ9sIKLgWN6KHMBKRN0hB7FWgKhplC"
}